<collection instructions="This is the rule of log analysis">
<rule>
   <log_id>1</log_id>
   <match_str>Kernel module may not have been loaded</match_str>
   <advice>此报错是由于kernel以module的形式加载mali驱动，且加载失败了，/dev/mali0节点并未被生成。建议: 请检查/system/lib/module下是否有该模块的.ko文件。或采用build_in的方式编译该驱动。</advice>
</rule>
<rule>
   <log_id>2</log_id>
   <match_str>Runtime and build version of gralloc private structure does not match for handle</match_str>
   <advice>Gralloc版本与预期版本对不上。建议：请同步SDK对应匹配的Gralloc版本。</advice>
</rule>
<rule>
   <log_id>3</log_id>
   <match_str>Failed to set damage region on surface</match_str>
   <advice>此报错多发生在安卓8.1系统，是hwui框架代码，在abandon之后，无返回直接报fatal导致的。可以参考redmine:189373</advice>
</rule>
<rule>
   <log_id>4</log_id>
   <match_str>beginning of crash</match_str>
   <advice>发现有Android Crash信息，可以搜索关键字：beginning of crash定位，查看堆栈</advice>
</rule>
</collection>